{"info":{"_postman_id":"2792ba5f-cf4b-4be2-b311-85d8a6ed9724","name":"create arc (arc_r_usrs)","schema":"https://schema.getpostman.com/json/collection/v2.1.0/collection.json"},"item":[{"name":"create c_usr arc","id":"c7e3b37b-71ed-4ee3-8c7e-6c8a9d0b783b","protocolProfileBehavior":{"disableBodyPruning":true},"request":{"method":"GET","header":[],"body":{"mode":"raw","raw":"","options":{"raw":{"language":"json"}}},"url":{"raw":"http://localhost:3000/api/arc_db/arc_c_users/c_usrs","protocol":"http","host":["localhost"],"port":"3000","path":["api","arc_db","arc_c_users","c_usrs"]}},"response":[]},{"name":"create c_usr arc patch/update","id":"ba4acab6-3ba9-4b16-ad8b-d0c7d3d02727","protocolProfileBehavior":{"disableBodyPruning":true},"request":{"method":"PATCH","header":[],"url":{"raw":""}},"response":[]},{"name":"create c_usr arc patch/update Copy","id":"a8d6c00c-8260-4bc4-852d-b3ac06f98439","protocolProfileBehavior":{"disableBodyPruning":true},"request":{"method":"POST","header":[],"body":{"mode":"raw","raw":"{\r\n\t\"c_usr_an_id\":\"QWERT125\",\r\n\t\"r_usr_an_id\":\"ASDF125\",\r\n\t\"c_usr_name\":\"New_User_1\",\r\n\t\"c_usr_pwd\":\"p12345\",\r\n\t\"c_usr_pwd_hash\":\"1q2w3e\",\r\n\t\"c_usr_email\":\"codnerke@gmail.com\",\r\n\t\"c_usr_ip\":\"3.3.3.3\",\r\n\t\"c_usr_status\":\"Active\",\r\n\t\"c_usr_op1\":\"0\",\r\n\t\"c_usr_op2\":\"0\",\r\n\t\"c_usr_type\":\"User\",\r\n\t\"c_usr_date_created\":\"2021-03-23 00:56:38\"\r\n}","options":{"raw":{"language":"json"}}},"url":{"raw":"http://localhost:3000/api/arc_db/arc_c_users/c_usrs","protocol":"http","host":["localhost"],"port":"3000","path":["api","arc_db","arc_c_users","c_usrs"]}},"response":[]},{"name":"create c_usr arc delete/delete row","id":"6d077970-b7c5-4a50-a9d6-6270553ec7db","protocolProfileBehavior":{"disableBodyPruning":true},"request":{"method":"DELETE","header":[],"url":{"raw":"http://localhost:3000/api/arc_db/arc_c_users/c_usr_id/4","protocol":"http","host":["localhost"],"port":"3000","path":["api","arc_db","arc_c_users","c_usr_id","4"]}},"response":[]}]}