{"info":{"_postman_id":"b79b72c6-5920-411f-8561-a118269746ab","name":"create arc (arc_c_usrs)","schema":"https://schema.getpostman.com/json/collection/v2.1.0/collection.json"},"item":[{"name":"create c_usr arc","id":"f2ef66ca-23ff-416e-be04-520c3565f88f","protocolProfileBehavior":{"disableBodyPruning":true},"request":{"method":"GET","header":[],"body":{"mode":"raw","raw":"","options":{"raw":{"language":"json"}}},"url":{"raw":"http://localhost:3000/api/arc_db/arc_c_users/c_usrs","protocol":"http","host":["localhost"],"port":"3000","path":["api","arc_db","arc_c_users","c_usrs"]}},"response":[]},{"name":"create c_usr arc patch/update","id":"b18e12c2-e9b0-4724-b71f-ca8301eb9f52","protocolProfileBehavior":{"disableBodyPruning":true},"request":{"method":"PATCH","header":[],"url":{"raw":""}},"response":[]},{"name":"create c_usr arc patch/update Copy","id":"68f52af7-00ad-4765-a0da-92385b4c75c1","protocolProfileBehavior":{"disableBodyPruning":true},"request":{"method":"POST","header":[],"body":{"mode":"raw","raw":"{\r\n\t\"c_usr_an_id\":\"QWERT125\",\r\n\t\"r_usr_an_id\":\"ASDF125\",\r\n\t\"c_usr_name\":\"New_User_1\",\r\n\t\"c_usr_pwd\":\"p12345\",\r\n\t\"c_usr_pwd_hash\":\"1q2w3e\",\r\n\t\"c_usr_email\":\"codnerke@gmail.com\",\r\n\t\"c_usr_ip\":\"3.3.3.3\",\r\n\t\"c_usr_status\":\"Active\",\r\n\t\"c_usr_op1\":\"0\",\r\n\t\"c_usr_op2\":\"0\",\r\n\t\"c_usr_type\":\"User\",\r\n\t\"c_usr_date_created\":\"2021-03-23 00:56:38\"\r\n}","options":{"raw":{"language":"json"}}},"url":{"raw":"http://localhost:3000/api/arc_db/arc_c_users/c_usrs","protocol":"http","host":["localhost"],"port":"3000","path":["api","arc_db","arc_c_users","c_usrs"]}},"response":[]},{"name":"create c_usr arc delete/delete row","id":"1e549465-9d31-45f2-9f62-8b4e22274a14","protocolProfileBehavior":{"disableBodyPruning":true},"request":{"method":"DELETE","header":[],"url":{"raw":"http://localhost:3000/api/arc_db/arc_c_users/c_usr_id/4","protocol":"http","host":["localhost"],"port":"3000","path":["api","arc_db","arc_c_users","c_usr_id","4"]}},"response":[]}]}